-- phpMyAdmin SQL Dump
-- version 4.8.5
-- https://www.phpmyadmin.net/
--
-- Hôte : localhost
-- Généré le :  jeu. 18 avr. 2019 à 16:41
-- Version du serveur :  5.7.25-0ubuntu0.16.04.2
-- Version de PHP :  7.2.15-1+ubuntu16.04.1+deb.sury.org+1

SET SQL_MODE = "NO_AUTO_VALUE_ON_ZERO";
SET AUTOCOMMIT = 0;
START TRANSACTION;
SET time_zone = "+00:00";


/*!40101 SET @OLD_CHARACTER_SET_CLIENT=@@CHARACTER_SET_CLIENT */;
/*!40101 SET @OLD_CHARACTER_SET_RESULTS=@@CHARACTER_SET_RESULTS */;
/*!40101 SET @OLD_COLLATION_CONNECTION=@@COLLATION_CONNECTION */;
/*!40101 SET NAMES utf8mb4 */;

--
-- Base de données :  `Blog`
--

-- --------------------------------------------------------

--
-- Structure de la table `Author`
--

CREATE TABLE `Author` (
  `Id` tinyint(3) UNSIGNED NOT NULL,
  `FirstName` varchar(50) NOT NULL,
  `LastName` varchar(50) NOT NULL,
  `AuthorImage` text NOT NULL
) ENGINE=InnoDB DEFAULT CHARSET=latin1;

--
-- Déchargement des données de la table `Author`
--

INSERT INTO `Author` (`Id`, `FirstName`, `LastName`, `AuthorImage`) VALUES
(1, 'Bourne', 'Jason', 'https://upload.wikimedia.org/wikipedia/commons/thumb/5/56/MattDamonBU.jpg/220px-MattDamonBU.jpg'),
(2, 'Son', 'Gohan', 'data:image/jpeg;base64,/9j/4AAQSkZJRgABAQAAAQABAAD/2wCEAAkGBxITEhUSERMWFRUXFhcVFxYXFhoYFRkYFxgYGBcXFRcYHiggGB4lHxcXIjEiKCkrLi4uFx8zODMwNygtLisBCgoKDg0OGhAQGislHyUwLS0tLy0uLzc1LTAtKy0vLTctNS0rLS0vLS0tLTItLS0rNS0tLS0tLS0tLSstLS0tK//AABEIAQkAvgMBIgACEQEDEQH/xAAcAAEAAgIDAQAAAAAAAAAAAAAABgcEBQIDCAH/xABDEAACAQIEAwYDBgUCAwgDAAABAgMAEQQSITEFBkEHEyJRYXEygZEjQlJiobEUcoLB0ZLwJEPhFjNzg6KjsvEVU2T/xAAaAQEAAwEBAQAAAAAAAAAAAAAAAgMEAQUG/8QAKxEAAwACAgIBAwMEAwEAAAAAAAECAxEEEiExQRMiURRh4TKBofAjUpEF/9oADAMBAAIRAxEAPwC8aUpQClKUApXxr2036X2qL43naLDSLHxCN8LmOVJW8eGc72WZfh9nCnSgJTSuEMyuoZGDKRcMpBUg7EEaEVzoBSlY+PMvdt3AQyfd7wkJ/VlBNAZFKp/mXjnM2CzTSJhpIRclooy6Kvmy5hIB66gedSzs65/i4khRgIsSgu8V7hl27yInddr9VJsdwSBNKVBOY+1jhuFWQB2mljcxmJFIJZdD4mAXKCCCwJ+dYPKfaRjcawZeETdwf+asq/Ud6EVvk1AWTSlKAUpSgFKUoBSlKAUpSgFKUoBSlRnnbnfC8NjzTteRh9nCpGd/X8q+bH5XOlASVmAFzoPOo3xnmHhMivh8VisK6sMrxvKhHzF9D+orz3zXz3NxB74iQ93fwwx6RL5XBN3b8xHnaw0rUJh0YXBI9L0BZOC5iXgeMCYfEJi+FzsSAkiytAbjMBlJsRe9vvD1BNW7xzmrCYWFZ5ZRlcBowvieQEAju16jUa7C4uRXlCXCsDY6j1rMmkbKoLEhVCrmYmyi9lW50AudNtaAsvjnbJimJGGjjhXoWHeSe+tlHtY+9RHG9onEnPixko/lIT/4AVFGkvtXU60BIDzfjWOuLxB/86S3zGasbhePfDTR4jDP3ckZuptcaixUjyIJBFaUCvjtQG+5cGHXFRS41WmgQ3aNbEsfu5sxAYXsSL629a9TcC4rBiYVlwzhozoLaZbfdZd1I8jXjyKcg61MORubpcBOJUJaNrCWPo6en5xqQflsTQHqOldODxSSxpLGwZHUOrDYqwuCPka7qAUpSgFKUoBSlKAUpSgFKUoBXRixEAXlyAAas9gAPUnYVyxeJSNGkkYKiKXZjoFVRcknyAFea+d+b5eJzs2YphUNooybCw/5jjq539Nh1JAtPmDn/gNjFL3eJHVUg71fkxXKfkapXmeXh7zB+GJPEh+OKULlB6GIh2Nvynbp5DUYhU6EH2rqh30oDJnlvrvWrnlLbnSs6Y+Bj/vW1a0KTQHdC2lfQ1deQigNcBmJZQNLk6/rauIfPdT629LV24Ncw9rj+9Y2C0dj0AY/vXQdA1FZOCk6eVYoFjasmFMrAnY6fWgPQPYTx8y4aTCObtA2ZP8AwpLm2u+Vw3sGUVaFea+yHiRh4pDr4Zc8Dezi6/POkdelKAUpSgFKUoBSlKAUpSgFKUoCr+3/AI33OBTDqbNiJLNbfu47M1vdjGPYmqt4H2bcWxgDLB3MZ2M57selksXPvltXpibh8LyJM8aNIgIRyoLIDvkJ+G9ht5VlUB52bsO4pv32EPoJJb/rFUK4nwTEYOcwYlQsi66Ori2pBupNrgbGx1GlX52t86tgolw+Ha2IlBObrHHsXH5ibgexPSvPeLbRmvdiGJJN2JJBJJOpJ1NzQGNI+fwDqwJ9gK4uwBy1z4dZVZjudBW35HwHf4pQRcAhj7IQf3yj51Gq6ptnZXZpGoEd1+lY7JchRua2vEIsks6fhldfo7j+1c+WeGnEThR1NgfIfePyF/0ptJbY029HRBEY5MjaBgCL9fasKBCc4HUkfIG5/t9DUv7S8GIsUqrplgjI+pA/atfybw4yMWI0Cu59rMBf3JJ/pqCyf8fdk/p/f0RG8Su3nbX5af2rNh8URvutdONBMjBRe2Yn2BJJ+lfcDLZHv+Ej/FWlZt+Upf8AjsIf/wCrDH/3ozXrivGPDsS0TpMls0bq6npmQhlP1ANejOzTtNi4iBBMFixQHwjRJLbmO+x/Lc+hOtgLCpSlAKUpQClKUApSlAKUpQClK4u1gSegvQHljtI4q03FMW2a4WUwr6LFZDb5g/U1GI7tfKrEAeIgEhQ3hufmfrUo5Q5RxPF8RI8d44jIzSzsLqudi2Vfxv4tul9SKlna1gMNw3DYbh+EXKCWnlYn7SRlGSNpG+9fNJpsLCwFqAqYHwEeR/3+4qyexnBXLyeqgfUsf2Wopw7k/Ey4dsZlywlX7skay5PiCD0GY365Da9jaSdnXHDgQY8TDIiZ79+BdVuBbOBqFsvxC+/zrNyW6hzPsvwJK1VeiJcxP/xGKA3OJlAHr3jf5qzOyfl/InfMNxZfbqfmf0AqH8u8B/jsfO97wLPK5YbNmdiFU9bjqNgb+VXhhlWJAoAAAsAKo5WdKVC/uX8fC3TtlO9siE8RjVd2giAA3vnkAsOvSt4vCf4Hhczt/wB4YiptrZnARVXzsWA9Tc9ax+fcWsfEEmjXvsV3KxwwgXCG7kyyfJtB7k23rQ43l7iEtpsXiGtmBYC7LHqLHJcLlHW21r612ZrJjn4S8v8Ac42ouvy/8DlrgRDSGdbtImo6Kr3BX3Nv0rRcI4N32LMMQvGkhLFhcZFawzai97ee16sSXCPFB3atmcIVVrWuQCF0vWn4RwxIRECbyo12sD1OfRhuQqEW/N66xnM/urfsnWFfateEcuesOZMIZ2yCWGbuyyKFDxtlsGXbQuPofOoBw2GczIcNm74NmjyaPmXUZPM6bDU1Nud+JFYBBY3kkLyEfCp0ZUvtmsqEj0NQVJGVgykhgQysNwVNwQehBFaeMmo8mbka7+D1N2bc4LxHCh2ss8do50tazj7wHRWtceWo6VLKhXI+HhxaYfi0Y7qeWLLiMlgkxF1YSLtmDrcNvpbbSprWgoFKUoBSlKAUpSgFKUoBXCeIOrI2zAqemhFjrXOlAY3DcBFBEsMCLHGgsqKLAD+56k7k1VfOXKDcU46qPcYWDDxGZhpe7SMsSnza/wAgCd7Xt2uKoASQACdSfPS2vnoBQEU7RiuH4TOYlVO6jURAKLIQVVMo2Fr2t5aVX/ZZio8dGySKEYHIB902uwy36EFgB0Edq3XanzJfDT4cyYR0LCN4kmY4qyuCwVQtg2mx0HnWg5c4dDh5YkjJME0VhmsbZiGjbbfM1terCq8qcz316Lca2+r9M3//AGDxmFxCnh5j/hnDmWORjZJNSHTcrm8K2AIFr2rrx8mOZU7tYkYgq5ZiyqTazLYeOwvppfzra8M4bJA+aPEylfwOSV9bAEL+lcMZxmOM92Qb5rAZGNx5ggWt63rys+SclJwvPyehhisctU/BjcmdnMmGmxM+JxCTiUqySZbSW1JL30XcDKCR4RttW15ibB/wuIhhkjlmeJ4ljVg5zyKUXOFN1UE3J6AGuriCRTokcyMyXsoYOEva9gdAdAf1rAwvD8Mved0jxZDY2d1Q2sdAGsRrWmubpa66ZRPE7PfbZHeMeEMT90FvprWPwXBiVc8YKA3zyH42I0YKD8O1r+mnnXdxBu9kKDY6segQHW/vt8/Ss/l5PsSw+EvIy/yljY/Pf513i4FU7ocnM1WpI1zMsaRvG6jLbwaXu3QH3O59T51C8bwlUeSPxXB8PpexUg9dCBUv5hfvJljudmawBJ8NrEgdLn/dhWj5mf8A4g26IgPvqf2Ir1cMKq0zJC29En7Kef1wEMmHxIldO8vGqIngL2zEu8i2Um5IIsN76kC+cBj4plzwyJIl7ZkYOt97XUkdR9a8r8N4W85cR5RoL5tidbCwq3uy3mPEvJ/CzR4qR0W0sjyI0KfhYEqG1tYLmbc+RIhalU5T8r2SvE5Wy0qUpUCoUpSgFKUoBSlKAUpSgFKUoCiO2bCwDHqVlOd1BnBW4iAyiNhlALXXNpqfCNbWA2vClgnK921ozD3cKZbXRGAMitve4XS9xa512j3a1imlxxdrhRngUeQia2nuxc3/ADAdKw+A4qeaNljISTDRhomQMpZTe6MiaN4gpOmvWrv68Speltf5LrhqVsmON4zLAVWZrKrD7TKWDKSBaQLqD+YadTa1bfgvGIcOhylGTMzJIGGYBjmKklGvYk2IO1tNKCOLFxh1sQRY6fIgg7dRY1G5+X5oie6UMvQF2RvbvE1YehBt5+WD9N1rtjeif1+09bWyS8Q5hScrewVGzX7yRjcA7KVVOu+ul602JxsuIusIshOrn4f6fxft69KwI8JMTY4YsfzTEp9CNfmK28fB8TNpM4jj6pFfMfQyGxt7AH1qP6Z1XbI9nf1CmeuNaNRFgBI38PCSVv8Abyjdj/8ArVh187bDTTStzxXExwYe6WsAQBsPDpp6aV3YiSOIfw2GyqQtncaLCh66feP3V+ewqMYxDjZcqC2HhsLfiy6BR5gdfpWxLRmMflrhxjSTGS/FJcj0S5I397/OoZMTI7SNu7FvrsPkLD5VPOcOIfYsidcqeWjMFa3yJqE44hUNtxtWziT7ovwL2ya8k8v5YDMwIaTa50ygnKQPXf51JODcTfCy5hcroHUfeX0/MLkj5jS9x95WxUDYaIRMCuRRbqCLAg+tzr6194phwNRXy957ed2/ez0XEuOpZsEyuquhDKwDKRsQRcEfKudRvkPElsOyH/luQP5WAcfK7MB/LUkr2YrtKZ5FT1bQpSlSIilKUApSlAKxcfxCOFc0jWvsLEsf5VGprW8z4xkCLmZUYOWZL5/Dlsoy+IXuTca+EDrUB4zxYQu8g/iD9kVUuZDkctqxD3uD4dNB4Tcis+TOpfVLyXY8Lpb+CzOFcWixAJia+U2YEEMPK4PQ+fv5VnVTHAOJSYG2JYs4sxkUEElCSxUbC67j231NbuPteglcRRRtG50DTWy3OwARje/qR867jzzU7ZKuNe9StkY575bxGJnaWJQVR8QMt/EzHESXtfQCwXW9RPlzHNhMUGkVlGqSBgQQrHex3sQDf0NWRNx+VFYhVc5mckAg+JizeEk33Ox+RqLc5p3gixGW2YEG23iFx+3/AKq5w+ZXb6Va6tvX7bNd4l02biHEskrPhGDKdXjJtr5r5H9D+tZz8xRuQJWaE+TeEe19j9arHBcQePQWZRsDcFf5HXxL7belbE8ffb7S3ldJP1ZQT9a31x7n4MDxUiz5eNxKoMZVzt8aqPcny9hWh4tzOnwyYkKDp3WG8Tt6GW2b/SoPrVdYrFlzYhlU7tlUWHmFQXP1re8JxOBw63F3fzsSf0Gn6VW4pfBHq/wbqJJJwIwow8Fyco+NvMsfM+dyTWdjMQkMZjhAAA/YVH5uZY8+azlbbgWC6dQxBNvSuviHGI2ibu5VDEaXU/MFSL6jSnSvwc6sj8gZ5O9kOYgaE+Z/COgH+a1uNmJJA61mSYrSw8vnWtOrV6WlM6k1vUz4LC5O5da0Uqv3JZe9bcfe8ACFjqQN/T2FSCfiMhv4GlQaZ0jNjbS6kE59vIf2rB4XxwjCrilYJJHEYpA2ga1tj6ldCOpI3FSPgS4tcPHlELBgXAIKEB2LgEi42byr5PNvb7e9mma8LXo+ch8RCYogsQsyKmVlKkMpYobMBoczD3K1ZlU3zni+7Pff920Xd3yL4wXZRozWDqCQw0Gq7jpZ3LHG0xkCzIR5MBtewOnoQQR766g1t4l7jRj5MarsbalKVqMwpSlAKUpQGj5miYd3MD8JMbC19Jiigi3k6pf0LeVQbmbDnIe+xF3KmyKgtbzAszW8yT16VaOIgV1ZHAZWBBB2IO4qtuZeH4pEaOHDZnY2ebKWzBRZX8AJuRuLCxv7nDycTdKpRr4+RJdWQiORjhGAN0MbW628J2PUeVV4oN6sLieIjgw0kbyJ3lmUoCMwZr3GS5K2v1qEYLASytliUsfvEC6oDpmcj4R71XjT0z08DlfdRYWBZpII3vZzGrH1JUE/rWTiYTLF3R1JsFA3zE+Gw872t6138P4e1ljjVnIAFkUttprl2qwuVuWBDaaYAyfdXcR3632L+uw2HUmrDhu636Rly5ZhfueeONYGSCVkYWdWKst9MymxsfLyPrXCCbMPIjcdRVq9qfIirDNjYdZDMJXXZRGUKEAa3JfIzMdfiPpVPPLlN7i40uAb+xHX619PjzJoxLkSvDNjnpmrV/8A5AeRFP43XZvobVb9SfyWfVj8o2bS1hYifXesXvZCdF38yNP1rsCldQt2/E3T2A0/WuPIn6K65OP/ALI+SyEUw6nVtNiddB7nyFcf4Vm1Y/sP81m4RAp8wNdRpf1B+L+wquqbM2Tly/El1c1cswDh+AiSNiqyxFlBAd4yrSS5rkA3azH12ruwSYUXeCUxhBdo85RVHQNG48A9be1SuLJj8LDOl4yyCSM9ULLsRsw6EdfoRDuYOJdyipissDvo7MpCNbcI1ipB/mvY14HMi3W0v9/c38a1rWzRc0Rd9hcQTcXUuAWLaqc9gT00/Xatj2BYhmjxCm9kKD0uTIf7mtPi5HxynD8PBmZ/AzgMIY0PxF5CLXPpc+V+tp8lcsx8PwywIczXzySWsXkO7W6DQADoAKlxcbXlk+TkXTr8m+pSlbTzxSlKAUpSgFKUoDolwcbMHaNGYbMVBYexIuK7UjA2AHsLVypQCla7jnG4MJH3uIkCLsBuzHfKijVj7ep2FVNzF2vTPdcIghX8TWeX6aont4vepxjq/RJS36LG7Q8akfD8SHZQXiaNQxAJLjLdQfiIvmsNTavN2MiViSF/qQ/2O3yru4hxKWdi8rs7HdnYs3tc9PStdLFbXr51rjD1Xkjl4tV5T0zs7pQNGk+j/wCK7HZRr3kn+i/7rTCxuR8bfp/cVxmxEyMid6Rm3sBp+lTfhev9/wDTI+Fl+dP+/wDB8XGgdZG9wo/xWRFi0YHe43Fjf5W3rpjidiQ8jtY9ToR00rrkgC+3lt+1cTsk+A2v5/g5y423wJ8zt9Br9bVhSTsTqb+g/vau0x113IpSfyXRwpjyy4ewbmQkvgXa4ymSEHoQftFHvcNb0arjdQdCAR615P5f4u+FxEeJjtnjbML3swIKkMB0IJG/WvRXJXO+H4gtk+zmUXeFjcgaAsh++tyNdxcXAuKyZY09otpaJOqgaAAe1faUqoiKUpQClKUApSlAKUpQCotzxzpDw9LH7SdhdIr20/HIfur+p6dSO3nrmuPh+H7w2aVriJD1I3ZvyrufkOtec5cXiMbNJLI1yTdnbck7C3QAbDoLVOVKXa/ROI7MyOO8dxGMlMs7l22HRVH4Y1+6v66XJJ1rAEdZ8/C2iQOxuWYKoF7m9+ldOPwjx5c4ALC4F7m3men61swcjFa1Js6dTpBFdc2tfM1cJHrQ34ONmdhCLaVruJP9qvt/evsE9j7/AL1j8Ra7qfQ/2qrI/sIU/tNostYcsmZvQfv1ri01lrrBsLVLe2d35O+964PHXxDWQBep+yWtmEdK2PBeJyQSpNE2V0bMreR21HUEEgjqCRWJKlY2bKapuSm5PV3J/MKY7DLOoyt8MiXvkkAGZb9RqCD5EVu6oHsh5pTC4gxzOFhmAUsT4VkB8DE9AblSfVb7VfwNYLnq9FDWhSlKicFKUoBSlKAV14mdY0aR2CqqlmY7BQLkn5V2VCO13H93gRGDrLIqm34VBkPyuig/zVKV2aR1Lb0Ur2g8Wl4hi2lY5UByxLrdYxtcfiJ1PqfQVz5YwGe0SvlZRmIsPF5sCw19ula8asTXOS17jQjZh8Q0tcHpWvPw1kx9U9M2xKnyTfhGBzSP3pzd2wVdAAAUU3sOtyRf0rWc9wwAAgAymyqbm9gddugufmRWl/7UTozZcl3t0boLX+LX/wCq1eIxDOxeRizHqf2HkK83jcDLORVfhItvJLWkYzEiuh5q75ZRWC0Sk+EEe21evTZmpnCW3TT2rsVy2W/mNR66bVJOTOQ8RxCTLGMqKfHM4JRPQD77flHzIGtX9ynyDgcAA0UeeUf86SzSeuXSyf0get6y3evBS6POOO4FiIVEk0E8UZ1DvDIq6mw8TLYa+fmPMVriRe4N69jSxhgVYBlIIIIuCDuCDuKoTtX5AjwZGIwwIgkYgpuIntcBT+A2Nh0ItsQAx5NvTOzXwyuFYdKyYmrFRbbV3Ia2w38miWZUkOl6wMTFW1wklxauGKgqVLaOtbNdh5LaGrq7E+ZpZC+ClbOqR95ETqyqrKrRk9R4lIvtqNrWpORbVsuBcYmw8iyQSNG42ZT+jA6Mv5SCKy5MezPcnrOlR7kbmZcfhhLYLIpySqNg4AN1/KwIYe9twakNY2tFIpSlcApSlAKrLtsDZMMfu3lB/mIjK/oGqzarrtwYDBQkg3/iVAI6Ximvf0/6VZierRKP6kUtG29Y88tCTa9YU7mvUp6NlM5NNXS0pNdLyV9zH2/es7spdHMr5m1WB2achHGuXlumHQgMR8Ttv3aHppqT0uLam4ryIXP9zv8AKvRnYkjjh7FrhDM5jBN/DlQNb+sP871Rkp6K6bJxgMFHDGsUKKiKLKqiwH+/PrWRSlZisVruYOEpisPJh5NnWwP4WGqsPYgH5VsaUB5R4zwaSCV4pFKuhsw/uPMHcHqCK11iK9KdofLC4vDs6JfERrmjI+JgNTF65hcC+xIPnVAYjDqRcVuxZeyNEXsw8PJWcxuK1ciFa7IsRWnZcmdWJSsZDY1mYg3rDYa1CkQtE47Pubf4DE941zDIFSYDU2B8DjzKljp1DEbkV6LikDKGUgqQCCNQQdQQfKvM3Z3iguPgVshjlb+HkVwCjpKLFGB3u2S35gteieXeFnDQjD5syRlhESSWEV7ojE/hByA63Cg7k1gy+zLRs6UpVRwUpSgFRHtQ4UZ8C2VC7RusmUakixR9Otldjb0qXUrqens6no8mTQZfhcEdL/5rV4iQX6VbPa3yikM38UkI7mT4yBYJJe3i8g2hHrm8xVZPENe7QfIX/bSt6vtPg0dto1l2Ow+Z/wAV8VNddT/vYVsGwbbsbVJuzzk08QnZMxjjQBne1zYmwVL6ZjY6nyO+1VVSXsg2anlPl6XF4hIIh4mNybXVF+9I/oPcXNgNSK9S8K4emHhjgiFkjUKPPTqT1J3J6kmsXl/l/D4KPusNGEG7Hd3P4nY6sf26WraVnutlTexSlKgcFKUoBVP9qfJxidsbh1+yclplH3HJ1kt+FjqT0NydCStwV8dQQQQCCLEHUEHcEVKKcvaOp6Z5RxER61r5IvKrW535DXCyiZCRgmdRJbU4cMwDEX+4L3Hlt5GoxzvyHiMD9oxEkJNhKgsATsJF+4T01I9bm1bZyyy9WiG5j1rpdug3/wB61N+B8sxy4dWK3JFy2zC+1rdLWIB6EVw4Vyi150lW4BARjpcWNmBG2+tZL/8Ao4/K/Bd9Oml+5i8icpzY6ZVQvFGC4OIVcwSVEzoNxrcobXGhr01hw2Rc9s+UZsvw5ra2v0vVf9jmEbDQy4V2DEv36keTBUZfXLkU30+MVYlQeRZPM+jJaarTFKUrhAUpSgFKVHOeuY/4LD5ksZXOWMHUDqzkdQB+pUda43pbZ2U6ekYfafxGCPBPFKbvLpGoPizKQQ/8qkAnz261REwdt44ztqCVP7GufFuITzSNLOzuTu+a5sNvDso9BoPKsczMBqbg7N/msl26e0elhxqJ0zi0AtYqPrf9TVm9ieKcTzRfcaIOfIMjAD6hz9BUM5e5ZxeNb7CO6g2Z2OWNdL6sdztoLnUG1qunkPlAYCNi7B5pLZyt8oC3sqX1O51sL+QtU8apvbKuRcKXK9kqpSlaTCKUpQClKUApSlAdeIgWRGR1DKylWU6gqRYg+hFYWF4OgwiYSW8yCJYWMmpdVULd/U2rY0oCCc7YWHAYKKSFD9j3OHUXvmj0Wzn7xAuQfPTYmtZwKYzrmvER+Qkn566e1T/jvCo8VA+Hl+FxuNwQQysL9QQD8q85YqF4nYNEGKkrdWsbgkHQ2t9TtWHlYVT2b+JfhyTbmh5YFEkMrQyIwysrZSQxCspB0YahspBBKCrB5A5hbG4bPIB3kbmNyNAxADBgOlwwuPMHpXn6bEMTfu8p01ZgTv6X/er07J8Oi4BWUeJ5HMh82Byi3kMqrp71PjJz9uznKS1v5JlSlK1mEUpSgFVf2wgmSC+ihHsT8NywuL7X0WrQr4Rfeo3PadE8d9KVHm+Ph0sukUUknTwRsw+qi1SHl7ssxM1v4j/h4vUhpT/KouF9228jV4UqucCRffKqvS0YnCeGxYaJIIVyogsB18ySepJJJPmay6Uq4yilKUApSlAKUpQClKUApSlAKoTtMRYsdMkQuCRI2tgrOMzAn3Ob+ur7rz7z3h2OOn7wX+1c2Pl9w/6ctU59dTTxd9/BE2xBPRT7P/0q4exPjoeGTBsLPGTIut8yMfF/pb9GXyqrnw1vhAqRdnczJxGAoD4iUYDqrKb/AE0b+mqcVJV4NWeG4e/gvylKVsPMFKUoBSlKAUpSgFKUoBSlKAUpSgFKUoBSlKAUpSgFRzmjk+DGeMkxy2t3ii97bB1+9+h9akdK40mtM7NOXtFTy9mOKvZZYCv4iXVvfJlP0zVM+UeTocEM1+8mIs0pFtOqotzlHzJPU6C0lpUJxzL2kWXnu1psUpSrCo//2Q=='),
(3, 'Son', 'Goten', 'https://static.giantbomb.com/uploads/original/0/3201/406946-kc_dbz_3240.jpg'),
(4, 'Tortue', 'Genial', 'http://cdn2.momes.net/var/momes/storage/images/apprendre/heros-et-personnages/les-personnages-de-dragon-ball/dragon-ball-tortue-geniale/815113-4-fre-FR/Dragon-Ball-Tortue-Geniale_logo_item.jpg'),
(5, 'Free', 'Zer', 'https://chibi-akihabara.com/7792-large_default/dragon-ball-super-figurine-golden-freezer-wcf-battle-of-saiyans-vol3.jpg'),
(6, 'Son', 'Goku', 'https://encrypted-tbn0.gstatic.com/images?q=tbn:ANd9GcQN6lYXRN5HSAx2ux_-2lu_rKZa8GbqDizie4GNOqZwWr8valdn');

-- --------------------------------------------------------

--
-- Structure de la table `Category`
--

CREATE TABLE `Category` (
  `Id` tinyint(3) UNSIGNED NOT NULL,
  `Name` varchar(40) NOT NULL
) ENGINE=InnoDB DEFAULT CHARSET=latin1;

--
-- Déchargement des données de la table `Category`
--

INSERT INTO `Category` (`Id`, `Name`) VALUES
(1, 'Clashes'),
(2, 'Alliances'),
(3, 'Evenements');

-- --------------------------------------------------------

--
-- Structure de la table `Comment`
--

CREATE TABLE `Comment` (
  `Id` mediumint(8) UNSIGNED NOT NULL,
  `NickName` varchar(30) NOT NULL,
  `Avatar` text NOT NULL,
  `Contents` text NOT NULL,
  `CreationTimestamp` datetime NOT NULL,
  `Post_Id` smallint(5) UNSIGNED NOT NULL
) ENGINE=InnoDB DEFAULT CHARSET=latin1;

--
-- Déchargement des données de la table `Comment`
--

INSERT INTO `Comment` (`Id`, `NickName`, `Avatar`, `Contents`, `CreationTimestamp`, `Post_Id`) VALUES
(2, 'Vegeta', 'https://pbs.twimg.com/profile_images/710545888750510080/IpRSDNnK_400x400.jpg', 's,dkrgnvlskndrgknsdlfgvnsd', '2019-04-05 19:12:58', 2),
(3, 'oliver', 'http://www.toutelatele.com/IMG/arton103402.jpg', 's,dkrgnvlskndrgknsdlfgvnsd', '2019-04-05 19:12:58', 2),
(5, 'Joyce', 'https://photos.abweb.com/websites_data/mangas/upload/programmes/illustrations/Jayce.jpg', 'lkjqnslkdfvjaoeijr cmoje', '2019-04-05 00:00:00', 2),
(6, 'ping', 'http://annadjib.mondoblog.org/files/2017/03/fbece5ae3bbef8102b8c6cb542655660.jpg', 'lkjqnslkdfvjaoeijr cmoje', '2019-04-05 00:00:00', 3),
(7, 'Alilou', 'http://www.coup-de-vieux.fr/wp-content/uploads/2011/12/Ken_le_survivant_1984_Hokuto_no_Ken_1.jpg', 'lkjqnslkdfvjaoeijr cmoje', '2019-04-05 00:00:00', 4),
(8, 'razmoket', 'http://fr.web.img5.acsta.net/r_640_360/newsv7/15/09/03/15/13/073808.jpg', 'lkjqnslkdfvjaoeijr cmoje', '2019-04-05 00:00:00', 3),
(10, 'oulala', 'https://www.glamourparis.com/uploads/images/thumbs/201909/ae/g__nant___ce_compte_instagram_humanise_les_personnages_de_dessin_anim___3550.jpeg_north_414x736_transparent.jpg', 'Bravo ', '2019-04-11 10:28:52', 3),
(12, 'samsam', 'http://fr.web.img3.acsta.net/pictures/15/09/03/11/33/186279.jpg', 'Cool', '2019-04-15 14:54:23', 9);

-- --------------------------------------------------------

--
-- Structure de la table `Post`
--

CREATE TABLE `Post` (
  `Id` smallint(5) UNSIGNED NOT NULL,
  `Title` varchar(100) NOT NULL,
  `Contents` text NOT NULL,
  `CreationTimestamp` datetime NOT NULL,
  `Author_Id` tinyint(3) UNSIGNED NOT NULL,
  `Category_Id` tinyint(3) UNSIGNED NOT NULL,
  `Image` text NOT NULL
) ENGINE=InnoDB DEFAULT CHARSET=latin1;

--
-- Déchargement des données de la table `Post`
--

INSERT INTO `Post` (`Id`, `Title`, `Contents`, `CreationTimestamp`, `Author_Id`, `Category_Id`, `Image`) VALUES
(2, 'QUAND T\'AS PAS COMPRIS PHP', 'flsldnfgljsdnfgljqdnflgkjnqsmkdg', '2019-01-09 21:45:31', 2, 2, 'https://i.ytimg.com/vi/ws4V4yorkYo/hqdefault.jpg'),
(3, 'AURORES BOEALES', 'gertgertgertgergzergv:jndqs;fgn;kdwnsflgkjnsd;f:kgjn;dwkjgnf:kdgf', '2019-02-09 21:45:31', 3, 3, 'https://www.w3schools.com/w3css/img_lights.jpg'),
(4, 'THUG LIFE SELFIE  ', 'flsldnfgljsdnfgljqdnflgkjnqsmkdg', '2019-12-09 21:45:31', 4, 1, 'https://www.buzzwebzine.fr/wp-content/uploads/2017/02/animaux-selfie-01.jpg'),
(9, 'ATELIER MEDITATION', 'lckvqosjemorfkv;SODR,FVGMQIJESROVMIRJEQZMCQMSOKR;skvfderitb,nosdrjit,msrgvsrektb;msertvpsekrovm', '2019-11-25 23:12:21', 3, 3, 'data:image/jpeg;base64,/9j/4AAQSkZJRgABAQAAAQABAAD/2wCEAAkGBxMSEhUSEhMWFhUXFxYXFhgXFxUYFxUYGBgWFhYVFRUYHSggGBolHRUVITEhJSkuLi4uFx8zODMtNygtLisBCgoKDg0OGhAQGy0lICUtLS0tLSstLS0tLy0tLS0tLS0tLS0tLS0tLS0tLS01LS0tLS0tLS0rLS0tLS0tLS0tLf/AABEIAL0BCgMBIgACEQEDEQH/xAAbAAACAwEBAQAAAAAAAAAAAAADBAECBQAGB//EAD8QAAEDAgQDBQcDAQYGAwAAAAEAAhEDIQQSMUFRYXEFEyKBkQYyQqGxwfAUUtFiFVOC0uHxFjNDcpLiIyST/8QAGgEAAwEBAQEAAAAAAAAAAAAAAAEDAgQFBv/EACsRAAICAQQCAQIGAwEAAAAAAAABAhEDBBIhMRNBUdHwFEJhkaHBcYGxIv/aAAwDAQACEQMRAD8A8c1quGq4aphfSpHybkDyrsqJC7KtUG4GWqMqLlXZUUG4FlUZUWF2VFBuBZVwai5VJaih7gGVdlRsq7Kig3AcqnIi5VbIihbgORSKaabRR2UFls3GLYgKKnuVpjDqHUFncV8ZlPpqmRaFSiguorSJyTQplXZEwaag006M2xfKuypju13dpUFsBlXZUfIp7tFBbAZFOVHFNWFNA+RcMU5Ex3anIkFCwapDEyKanIgNrFsi7Imci7Iiw2g8qnKiZFBatnPZSFMK2VTlTCwZCiESFwCAsHC6ETKpDEwsFlU5UYU1YU0D5AZV2RNCmu7tKx7WLimisporWIrGLLZWMCtOknaGHlRRYtjs/DyoTlR144CrMEh1sJC9vgexS4SAkO1OzMmy51mTdHQ8TSs8RWopR9NbeMpXWdVYumMjmnEQNNQWJosVSxVsi4i2RSGI+RTkSsNouWLsiYyLsiLCgGRdlR8i7KlY6AhqkNRcq6ErHRTKuyq8LoRYUUyqMqLC5Kwo87g/aE6VAHDiLO9ND8ls4XE06vuOBPA2d6b+S8EJV2vK4oaqS7OvJpIS64PoBpKpavL4X2gqsEEhw/qv89fmtBntM0gZqZneCI8gV0x1MGcstJNGvlUZEHCdo0qlmug8HWPlx8k7kVlNPoi8TXaBBiu1iI1iMyknuBQACmrimmm0EUYdG4ewSFNd3ae7hVeGt1cB1IH16o3GtgoGK7WJltMHQg9LrjTSbNJEUlu9lOEhYYCdwteFDIrR0Y3R9R7JrNyASsj2krNJssDDdrEDVLY7tDNuuGOFqdnbLNcKMzHOuVmVEziKkpVy74nFMGQqkK5VCVSyVEQuhQSozIsKLQuVM6kPSsKLQoUhLfrqcEh0w4NPUuDfPik5JdjUWw65Yj/aOmGh3E2AmQ2CZPnA81n1fat1stMaGb2JIt0j5qT1EF7KrTzfo9WVELzNT2rAIAYXAAySYJMWMbX1SY9qqoYRALiLOt4SeAAGnOVl6mC9mlppv0ewbUBcWbgAkcAZj6FWXgqftBWbUNQOGZwANhBiIMcefMpCpjXkkkiSSTYb9QpPVr4NrRy+QjXIgM2SzKoVu9GxXHuR1uLDEqwQBXB3XNrjRaUkZ2sabTO107Q7SrMsHugbG4+azG4gcUYVRxVIzrpmJQvtG7R9pKoABDesX9JhEPbVV2lSOQhv0Xnximxc8EVlZh3CtHO/khLAvg2X42qdaj//ACKEa7tC5xHUrObjmib6fNO0cSwxMX4fwqLKmYeGSCd6+IzGOEn6KoaTqmMO5j7NNwSI5hNNw6d2NQoTpMIuJB5WWxgu2qjLPHeDmYcPOL+azsRiadMS51+A1sSD8wUn/brJswkdYOv8LPkS9m/FaPZ0+1KLgDmyng4ER56fNM8xodxoei+fnty9mNjnKvR7dqts1waOWh8vJPyoz4qPfCoVV9RePZ7RVp94HlA5xt09EdntO6DmY06XBje8+UpeSJp45HonFCcV51/tUf2N1tc6cOqzsR7Q1nQc0RBhoAFuKflSMeNs9c5ypmXh63a9U27x35dJuxbjq4nTc7aLL1H6G1p2z3VbH023LxYhpuLEkD5Ss9nbbBmLngifCBMwZjbQAN8zC8eaqoaim9RIotOj0lb2mPws33OotI66pJ3tFW4geXMX+XzKxS9RmUnmm/ZVYIr0aD+1qxmajrkHWNNIjRJmsSIJMTpPzQS5QSpOTZVQSCucquchkqJWbNKITMolDldKVmtoUOEKhcqErpSsKOK4IhdyUCrySHZQrgjCuRsPRScUenQJhyBDkQuVnYpx35aBd3hTQmUlSFbv3cVIxDuKYioV2Bd+pdxPqVdmLcDZzvUrVmXZZldzdCRcHzGimrjnudmLjPU2jSFXM5x3J15q9fB1WxLTcTYEp8meABqEm5lWDlz2uaYcCDwIIV2vb/eAeT/s1F12PbfRzXK4eqh7f7wej/8AKi0a1ORmcSNwAZPQltk96FsZPeqDVtC3ey8PQxD8lJlWQ2TLwBaJJJo8UXtLsylRbme1+WYtVBidJAo6JeVGvFLs8znVC9O1m0CfDUe0cC1zz6w36IRbR/vX/wD5H/MnvQvGxUuVCU3lpf3rvOm6PUOSrzexkcbj5FZ3WPbRQlQSpLiolKxkLpXSoKVjIXLpXZkhkFRCklRKQzoXKQ88VVIZyiFKhAwxpqRRUypBTSJNsjulJohXBXErVIW5lRQCIyiFAciUszjDQSeAF1pJGW2d3IlWbQatbDezlZ13FrOpk+g/la9H2YpgCahmLy0ETyurxwSfo5pZ4r2eYGEaYgcfT8+iZoYJo1C33dgkCRUbHQ/IBR/YFT9zPU/wrRwJdojLO30zPoNY0yGiYjyWgzF7/l4/gK3/AA9Un3mRxk/SFzvZ6qNHM9T/AAqbGvRlZDqrmPEPaD16QkanY9ExGYRwPXj1+Sab2VWGuUdXfwtHsvsYvdvUI2aDl/xO/wBlh475aLLL6swv7BY4+Av6AZoTQ9ky1ud9UU2zAzNlxnQBrbl2gjmvS9o9o0ME2KjgXAT3NG5/xu+EXF1l42q8VaFV5lxfUhrSe7YDSqEADeLS43MHTRc89vO39zpgpcbv9IP7OYelRpl4cH95EFwLSGxIBbB3Kr2g6m7M0wQ4Ea2QuyGv7mmYEBjdQ6TZGqsqEzHWA5cTfNnoJJKgFH2bwtVhNNzyQYcJuy3MQ4X1G46rOr+yInw1RHNt9OWt0bs2qRiXEOhzG1CNbEmjZzT7zTBHmdxb0eAYzG0+9oHI+ATSfaJGodwnQ6HkuvHKP5/3OHLCXOztejxFX2Vqg+F7TbmI/L+iUqezOIAnKDYmxBNuXFewq1XU3Fj2lrhqDY/7c1dmKXV+Gg+ji/EyR8+rdmVW+9TcJE6bcbaaJarRLfeBFgbgix0K+lVyHtLTvHWxB+yDWw1NwDXNDgABe+lr+im9J8M2tX8o+bEKCvdVvZ+g6YaQTJkHSRw0jlzSdf2XpEjK9zRuLH0Oyk9LMqtVB9nkFC3a3s3UaXQZDWZg6PeMXaBM8fks2tgHtkxIDi09RP2aSoyxzXaLxywfTE1yvkNhGsRznT6rjSImxtE20nSeqnRSwa5WIhRKQyF0KQuQAQFWlWp0ibAEnktDDdlPNz4R8/RWhjlLohPJGPbM9rCVo4Psh7ru8I56+i1cNhGs0F+J1TErsx6ZLmRwZdW3xABR7Kot1Bd/3H+E9QyMsxob0H1KCwSY4qWssZMETYq948fo5f8A3PtsZOJKk4s8Ulc6DqfpbyOirWeBEzMwI1NnG3T6FZlqVtbXo1HA7SH/ANaZ5C/noAjDGlZjGEX66ka7ackSNlvFlUuTOTG48GiMeVzMaC4NdVp053qODRzidSkAgdo4MVmZZAuDMToqT3bXs7MY9u9b+j0z8XgKLe8fiG1zwY4ETwygwP8AEbrOd7S1cU1zaBGHoA5YZ77rbE+6Lj+FgYzs6lSw9TKJdl943Oo04eSJ7K1WNoOzGIdMnQTYT6Lz9kvKlld8WeqskHilLCqp0M9rUmswtUMbEgZjqXXF3ONyr9t4x7X0MtJ1UNeSYBu9rSBTBANxm4agjYo3tMMmGe0DxlocRp3bJEOf/U60N4XO0udpuLadPugJbUp5RsCQWjr73mtZak5KPSS/seG4qLl239Dd9lvZvGVcNSeKFIAsbGeu5pIixLRRdHqiY32XxzP+jRFxBbiXjl/chabca5jAAXDKAJFR2g8uCoztZ7z/AM2pG4zkxyktXmWepR84rvr0sY4PouGTOKkEvblOXxZ8okDimux8Q+jhaddhh1OmXDmBctPEGIhbHaLiMVUc4gtdRaBrs50gzrYtXnsFicvZ76bzJ7kupn+kyC3yMrtxUoW/aZxZbc6Xpo2MX7YYOtTb34cHESMlOSzYta7NLdJi4uLGxKWDe2oM1MuLJsXNyk+Xynksr2eoU6uFeyoP+qSD8TTkYJafJa2ELaVNtNskNECdeP3XRpITpP1Rx63JjuvzDQYVOVLHFqv6qdF2ujz9w7kUFqS/VFR+rKToakaEBVc0cr689ki3FSI3m3TiodirrKkmN2kOOw7DctGgvA2Mt8pUVaDHCHAEGLEA6aJP9Sp/Up0heRl8f2ayo2AGg2EwLNkFwHCwQsR2FQcGiIDZFovPE6lW/Urv1Kw8cX2jSzSXTEf+FqWQtzHMT752Eiwb5fMq7fZahAlzyd7pv9Sp/Uc1jwY/gp+JyP2ZlLK0Q0AdFbvUj3q7vVlTH4r7He+Ud6ku9XGpadkPKkrY1hsfbU5Shse4eDadDfSRH0Ve4lsF41Atm1sYJiP9UIggAgg3G8AXgX4c1xvVY5PlnRHA0uBv9QWtLvgjUxazZ2+x180u/GSMziARENAmRNg0EeZ6b2Sj65aHfERAEfCIgl06G5vyQ8JVGZ5eTOSBF9S02BgaDVcE+baXHo61GlyauErDO4ZptMEHhLhIPSxGybDmmWtmW2ufekkwBltH2PGBl0nAteQ0gloPHxReSePynkmSO7DYIkSDca3lwM3ud+K3hytNRuvZPJjT5YRzo1mbfO/4FDaytVIAsIcGixjM7YRFx1HqlgJdab325GbbXXpYNXutM5Mmmror27XJpkCA2G5pN3HSGjXgkOz3xQ2JDjDToZgSXBwLYMbQdOMMe1NHJkkxLJDZkzJGaNIsYKX7CYHB3hBgamfDvmkaaFefOVtvv/J6WOGyKVGt2jUH6V2XRwmb3gi8nUfwn6FbvMRRoi4aQ5xgmXAZ41Huw0dc3JZxy5QCdWhxBuS0e9cG8kBs8xwWz7IUDLsQ6BmOVtmw1s+IgHQTA8lR5ns79f2x4sVytr39D1bqD3D4gP8AtOvzUNw7m6T5zrx91XPDNrEf8sfdUqASBLeIvTF+cFctnbQn27hpZJgODfCeMatzW1G3GF4So3/6YB2pmPnPzC+huvYinedcsTz8X2Xg/aCiaYqARAa4EgtI8UkARyIHqFeGZpbTmzYluUkL+z7wKETcvcY4QAnKlSD+eRWJ7PVB4mu4EiZ14W/Lc1pVG3sS4jW3KZ6R9F3Yc6jBI8vUYLyNhnPMxuNVGedLcfnKCwlzwDMeFpvMTH3utE4Zw8QbAB0J8WgGmU7GNN1nJq9tJ9ihprQtQlxttreIGk9FbEO8ZFgARe8fmyJhXkVXeDQ5XSbSPCADF5sh4h7SBJbGYNhrycrjNyBYG/yXLk1rjl56r/v0NLAqoilVbIEmJEzExv09UE191evgxYjNaxIa4ibxAi9o1AsgmgQ2STYXt8R2J22+atj1cNzf37Myw8F+9Xd8k844+tvmo7xdnkJeId75SKqBQAIcSSI0tMn9uuuiE58GElmTbQvCO96u71Jd4ijEN/aPUoeVrpWHiBMpZr3vwvexI+eqFUab2gTaT9OPVGoiXWzBwiGtiSeXAR9UStQqOEaaSYbA5Fwvxt10XlQzyUuWd7gjPzrjccYv/qArVqIaJBkcZgnjAI+6VdU4BdayKS4EoF3VHAEbGAZ0ieI0RBiWzHhdaAQ0gETMgfutqR6oTnjKdZtad5+iVo5m3aY101t06j8C4pqLfB0R65NCqWkO8UEk6xLoJJJjeduaD7o8JBB+KINtb3toqMeTwJja2kGdBzUUiC4D5EwLaSdEVwkCiaeHe0gED3fedZxvI0GhkjVHOILobOoBEtbB4iPLmg08WaYAybwIMTuQb6SRe3FBruMbA3DRBsZ2Ov4IUFdhXpmlTeXtOdskAkESSGyTYaD3udhY6BAqudRHhLXPJEMgkbeIgwCFfDUw15kmA60N1LQRrMQZdM638xYiudagk3DjAAzGwg/ERr58lSE3GLS9hGCbsyO1nkuLnvL6hnNJJLYgAT6/mpOzqwax076bXG3zSdS8u5/UymMENBzvwH9UcAtS5XJUYp1nVHBoBzEiI2k3twuD/hX0fs6qGNbSbmOUDRtQRxIAsvJdi0g14JLfDYaTMkRqDt816zD1RZwNMOIvIfMSCQTr5Ke9PhFsaD1sW+dXxPGrNuI/NEV2LMQXVJ6VP8wVRiZvmpf+NQj6pWuWuEZqfMim/wC/miyoSpWy3JdJ3h9ibbleP9og4tquJsQeGoIGxMG3XXy9BWAAdBY6x0bUm/7ZOqwO3KQFAgXIaL3DpOpcD8Rgkxx6rLlyieRcHnMGXNbLbu2ABO8XC3nVABuDo42AsfFlMa6W0Xn8LVIAjjG/2W5SeHAOvPxSZJO0cZiI6XVnOuzjmrOwlnSTa2l5JMai5Mx6Snq2JI3h3h3ds5s+Ha/05JXCAiXtgDYkWBtNjpqSN/CiYhgbGUk5j+6BN58PvCbG+qjllvkhRRNOoQc7ZcYEmDeACQYE6EX63VccxoZ4SASS4EGDN7Oj3jcc+iJRLS2xDS0kWGjX2vyzct28EvWqEzIAcIyiwEmdCDcWB81GUnJr9PtCaD4KqO5MnlJdMAEZgIJ1cRfeEFzswl4uS2JJNpDSYIJy2Hn0WdQaafeAmw5xpBBynUEi3SUWrinOAsXC5FpAkCSCbA2J93TqhQadoW01aeHAbmez6Xbrdo0Gt9THBIUKMy28Xi14OluN1XDdpCfFJBGWYAjUyCbAzHJRhKgc4x8QggRxEEA2Im6pjlkW63yJxHXYV3dmABdxJ94httBYNNvos975cYAGlpjhe531g+Sf7Rd3eHdBgl0tGsiRY356LOwFZpaQ46NBkEiIIsRxudPlErenzN3J/JlRtDZEAktbkBaTuYMxcG2h04KA4caHmXz5ojWA0/hEh4MEwfd7uATGu9vVICq4WBdA5N/hdMMr55+/5M7R1nhbF7m0WuL3J8+OmyWfVLiQSSRaC6ZtzFp4hJPr2sTO5M77aa3KA5jmm4Jm/Anjf00XNGLL1Y3iS2ZII3PujrAufJCZiQJiNNLCIILToJP2lIOeTrvufyyjPsrpOqHsCPdI/N5XYeDJO3PXjKCT+cOiI2LWHz4R/qhm64C95bYHY2H0+6tQpCS4EZRyJsZnmNCh5ogHSPPyXUhYGeZAseV9B6oA0TTEZg68akTpwHUarQw2BBGZxLtTx32n1/CsRr81SwtzvtutrA0g6xJtFouAbAExe8AG+vVQaaEl6GqVXLAaPFADJmdQLu0uHEcFkdr1nmA4XHAkxEACSbkcUzWIBcXG8X3AMTwEecLCr1y43J5J442zVUCfFwEfCVWtPiEiIQGiVp9l4IOIOYtIv7ocBB+IW6qzXA0rZu9ndqXMO5nKybnmGniNt+gWtU7XAaQKh6GlFvOnGyxqAAIiqZkx/wDCzLcxGXNMjN8x5kptqSYqMcAf2lo5mMhH++yhtS6+/wCDpjaRqN7YqmQ11TgfAywHAilog4bHVm5j37ncnUxxtJLf9LbLqLKrwSDTc2YJLhbSwMwDMW4bIPaLyInLI1tbncGSTJH4UDGcSx9WmQxxa4yAWsb4rwTLWmAbnWb7LExmCf3ZbVl1QAx7wM/CTbxfnlpPxNWB3ZykftJBk2uLzruhYvF13gNJqHUnPtFyW76Xu3aOCEqdmZUzxgfYdStWjVJZA2+KNBAtJ20sl8a6HGzgDE5nGTGt+PLZDL4A1JnqIG0cFVrcjmN/A4ogFtRpDT4WjLDQDMAPixnKN9eKXxDwJ1J0sbjS5iZ36rsPjngNDzLXXkC0bAE9IjqupV2mz2tkm0QLgD4Rc7/Vc6i93RmuSKdYtDoJhwOl3aiJMS2De15CDScZbAMTN+BvmjTn5Dqlhj2EwZtYQYbOk2ElDrYkhwLXTta8Dz81R42woe7TAs8kH3gcpgxI1EEauJjqkH1zkaAcokkX3Mx5jz1RHPOUvHiNgTd0Zv3TvrCTB26gztMSettU4QpchQyagAEG8jPI85PEXTdLElhcYaSRluLAGCIB0vyWdTOX0i4kRv8AgT7KpqOIsLQCDYE8ovw+eyUooVHOY6AQRANwL5QdI577ajgi4LDtOYNNxJAIF5s8At5bIjWDK0ZTLxAkSBENs6YIBiRaJCqPCJykEH3hbm6CBca/cJXXAmg+HqtktiTAyxBBNyTtHTn6vdzW/Yz1/hqzcRRpsDCwwbkxBidMpm3wmNR6p2njHEAkAmBcl8nrfVTcYy5f8mGjJxmHDabTMDykk89twhUmuAuYzXDTNwJBJJ4CybrY+mWxkkiIdFhIgaam3DijsxDA1vhEQ6SQBJANhtAnyvZbUpJdGk3RiuoZhmbO8kC07AcNCl4bbVadd1N0ZoAA0a0CYtsL6a3Wc+qLgDeQZuBsAVaMmyiBlRK6o6Tb7/f8uup1ANWg+oPqFsYXD+UbyAY4a6bIlWvB0H5eZSwqWsB139VDWl3NFDDMfcHh8r/6J1+KeDJMAiASNuEnTUqlHChrc2/UH5fnFBNMus2couSfSbWSaTAtiMaXX5R15pbKuyIoA39dk1FLoycxnASt5lAtaG03ZbyXHLrxF+Cz6GCJbcXMFumhnU7e6T6rawTIEvyjKYuCQd9QYvI1vb1nOXwWxx+Q2CwrXe/5G7sw0k2+6k4sMc4uc2xgAACBpbNJ0MzYaJerhXvJyuIt8A8MX11J4fwjU8M0iHFljfNlnTU21iLKRah9uJc4SwCLwTfXQCdNErUcAQCwOcYgh8cotrp8lxY6crGhzdfDDY5wRd3OfpCZpvaLB0uIkyTYTpFod11kcUWFC5a5v9I2EwQ3MSJnQ3KGa7zlab5jDXAmZMxAnWYG8n5Hrvc2xBvcRJBGgkRA2Q6xMZXsOQzBgcAXWO1wNOCSYNUIdq4FrqfhdmewkkkjNeSZiwNm+gC8+4Wt+cF6KmzMcwc6LSWm1iSAJjSdiQfILBx9HK8hpGU3bcGxm9tN1eD9EMi9gu9IbGwMjkeX5ugGp4gTxmPqpeJ58UIrdE0aL6dJxDgCGXBOzXHS3Afx5puwrg7LE2mdiP3TpCihVLTNuhEi/JaLWUXAuktge7OmnuzM8YQMTDHNEWk3IOpGoIOhnlwRm4eW5gd4cDHvdf2lFwxZENa+pmkAEAZTE+F/GBspr5SD3hcATZwgyRaHj9w4jUJAJMpG9rAweX5B9EfDNM+EbSL6wZg8Dpz9VGMxLHkZJBiDMCY0K6g6DESLF2tgI4eSTsy0a9J1oM7ucAIBiQCLzIzXjWU32gHU2NcaQjnklw8R0FxZwvyHJLCo3KMrJdMksuImQIkka68+IU4zFPmHkuBtJDYJiDaBJ2nqocmWmCxz2xpodRMeJrYcYgycpm24slcoNyWzvL6c+YJlFfBeDES4XAsJt7pmAJIQi4C3dnyaSPIprjg0TXY4gRYC5JIBkDWOMDgg1aJyhsxcuEiL2Bvv7okbKuIOVp5HLsBccI5pSriSQG6C/noqxjwOjq7MpyggxuJtzmAgOMlVVmCTCoMgIlOjPIcT5T9VZ9MCITNejY393gLGSdtkAKPpxv8An8J7D4U6tIJ2kGB+cdoQsIwakTBA9efl81tU5qU805dbN4SWgffqk2CEatOp4aZBaYPuxxEl0Dmq4jLTb3bZLjqSAABJ31nS5Ws8Qx1UDxBrnAm+joI4Em1yF5+pLiXEySZJKUeRvhEBqa7Nwb6joDbNuTFhwknZKLawmMNGkC0e8STtcWFxtyTlaXAoK3yNt7LdOVzgTDbEnLE6NA/2WkaRptLXODncDFjyAAgxoOl9UpQdUh1QOGgsWyB0vzK0HNztDD+yZ2gmIy9ST9lyt88nUl8CuHBzGCADE6S7W+97RPLkg1MK113N8RJg+K/4APFK2cQGinR8N4cDcQYcIkR/U71WbhcSA8NDbOzDW43mR0COQpBcLUAIYTsYABvHMmDtYmT5KuLzt8TRmvI2mOBnw6axxR67y9pdMeGdAfdJtpbTUJGi0GmKgzNsCQx2UEkkB0j4hGvOLIGdWxbw4Bx4WbFrfvG0eaGx9R1gWQ6S5mRwdyIk6kk73F4BstAYRvdh0CJAjKJOabk7nnE80riWhtTJALS4yDN5zSSJjUJp+hNFnUi0XBkGDIboMpsQAS6bafYnK7Zw2dneNM5SbEQS0zw28Mjkm8XWFOkakFxJDBJMthwJPAyLER5qlQjuyTMuA+I6l+SZ156rUeGZlzweYEaj8+qE5tk1VYA5wFocW9ddfRUNK2s2npafuuk5ehVzVEqyqSgZehVymbddY6Lq9XNAgADSBHrcqhUFKhlqbSTbVGw9fKT8iDEG/wDKXBRYmTuI85SYD9KuxzPEASHCGxJiCTe3D5i2qZfXpuYMhLTwcRlkWDgALb2PLVYrSQbFON7QduAYiJAMX2OoE3gWueKTiAJ7nWkEXIBve9+u2ib7939Hr/7o2KwjW0g8gGQBpBvxO5WWG8z6pcMD/9k='),
(10, 'SEANCE DE KUNG-FU CASSE-NOISETTE', 'lckvqosjemorfkv;SODR,FVGMQIJESROVMIRJEQZMCQMSOKR;skvfderitb,nosdrjit,msrgvsrektb;msertvpsekrovm', '2019-11-25 23:12:21', 6, 1, 'data:image/jpeg;base64,/9j/4AAQSkZJRgABAQAAAQABAAD/2wCEAAkGBxMTEhUSEhMWFRUXFxkaGBcXGBcXFxUaGBUaFhgaFhcYHSggGBolHRUXIjEhJSkrLi4uFyAzODMtNygtLisBCgoKDg0OGhAQGi0lHR0tLS0tLS0tLS0tLS0tLS0tLS0tLS0tLS0tLS0tLS0tLS0tLS0tLS0tKy03Nys3Ny0tLf/AABEIAMIBBAMBIgACEQEDEQH/xAAcAAAABwEBAAAAAAAAAAAAAAAAAQIDBAUGBwj/xAA8EAABAwIEAwYFAwMDAwUAAAABAAIRAyEEEjFBBVFhBhMicYGRMqGxwfBC0eFScvEHFGIjM0MVJFOCkv/EABkBAAMBAQEAAAAAAAAAAAAAAAABAgMEBf/EACMRAAICAwEBAAICAwAAAAAAAAABAhEDEiExQRNhBFEiMnH/2gAMAwEAAhEDEQA/AOHIJcIQlYBJQCMBGAkS2CEISgEaROwiEISoRwmOxEI2hKSgkMIBHCUgpCxMIEIytLhuzJFNrqkl7hOQHKGAiRmMSXdBok5JdZcYuTpGVciUviOENN0bbfsr7hfAmhjXPZ3j3AOglwYxrhLbNILnEX1gToU5TUVbLjjk3SMsjVtxzhXdHO0Q0nS5y/x5qpTjJSVoUk4umS+FsmoAuh4iBh408K53w10VGrohvQvyVISMvwOuWuPmrTH8bcwX3TfBsJ4zbeFL7RcHBLU34OJi31JcXHddA7M4b/oZmm8arO47hTGQN7fNbvs3hmspAEJRQSYtvDe8EvMkabXVPWL2nJTveJU3iONd3wDScun7qVwykHPMQSr+i+FLg8EaL53iVFNbv8aA7RgHzWh4xTy5ibmLLLcDZD6j3yDchFUKzQ8axTqbm90JIgQoPFMcWluJe6DoApHZCm+tUqVKnwjQcoSeIYGm+qQ+7RstCCx4ZjnVHd4DMt9lArYnO+SJyut/CkcLqNbSc5oy6wE1wxwe1z3RIJ9+iGNFqa8wc0WQWP4txl1OplboAEFGyKOeo4SoRhZmdiYSoRoIEBBGAlAIChKOEqEYCB0JhBKIREIAAQKCEKKChzCMBqMB0L2g+RcAV1HjTy0HzJ+f+Fyum/K4O5EH2MrrvGqWbMARBMgbxdTJXw2xOvTn3aZkid4H7fRbCuMryBEjK3yhoH0Cr63D6byymXFznEDK25JI0GsRzKsMbd7ySPin6rHMtUkdWBqUmyu45Rz0y3WWn3iQfeFz8tXRalZjrA5o1O2mg/Nln+L9mKlOXs8bNZ39lWB8ZH8pU1RRYGiXPaBzXSK9ItoARyWU7J8PzvJ5aLoUAiHRaF1ROVETg2GbDSR1Rcda01GtB019U42oGmGqPU4earx4o+qp/wBDXllVxDh7jUDhoAJWgwNcOaGkwkcfwww7AC74rdVV4qs0MlvRFUF2WYwmUOqHSLKZwVhAzBMVcX3lFrR69UdGo4MgapoH4MOdUfiLiWKP2sptpwGxmeQFbUsP3Te9e4krMcRbWxVdpynK0z6KqdUSaDDUThcE6pPicJ91V4Sm4NFQ3L+fVWePJqAUM1hE+inP4c3uomGtj5KySoxNLu2GbzYDqbKFgMcxjTQDSHTr8/onzxBmKxLcO0wKdyfLZHx51GnVbPhJH0UMZz/tBjHGu4TpbRBadtDC61C3MbmeqCz1/ZpZgkaII1JiAI0IRoHQAjSUAUDHAjCSCggBSIoIQkAUJQaSba/myewWFdUe1jdSYXTOFdn6eFYTAfVgeLTLqXAGYOh3Hw9UDozHCuysAOr2LiA1p0k7OANzpaQOqvcbQEwHF4F7nUgGDF7C2qvuEcO75or1KmRgGZzjZrA2Rb8H0Wc412t4aHGnTp1HQYzgQOUgEifZS5c4aRhXo9wXKCyvJiIF/gJkEaR19QjxtBopucSXeE2Npt08kjgddjqcsMtJ6jcA/RSOJUSaZAuIMgQLO19FxSm5S6dcY6rhS4BwdTzNGUEaeZ/YBXTvFTALrxLcpuY1tyVfw3AVKbmtJmmWS02kRYtJV7hcJ4ADa2u5m8fJaLjJm9kZvDv7kuOSBrOhI05fkJ1nH2EXMfTnbnHVTOIYQFuWYGhMX/ndZnG4ctAAAyzBJB9OS1WZox/GbTs/UZVNiJ1iU/VoO72AYgrn4oPGhOu3uNLFS8JxfENvJOukGwk85HstFlTfSXF1RouPZq1VrDeDYJzivZ+o2k0gKg4Z2mLaneOYHnUAGL79I1K3Le21GszIW5XRoefmFqpRZFNFVwyqGsk6AJ7g1dtXM4jwiUrA4QVmOEpiizuqb2t1v+BVHgSLfF1mPYKbb8/S6cwVdjWOJAEKk4FUa2kS8+JL4jiQygT6n1WlkUIoYcOrGqXWPspfG8W5uHcGDWw9d1VNxOak12jTopPGMWW4XP7A6oFQ32Z7PjDTiHOl7m7+6x3HMa6vUDnO0eGiNhMLT0+PsGENR5JJGVog3JGypeC4OnWq0KO7nS5Zy9otEfjuDp0agaXZpaDPn/hBR/8AUnC9zjn0wZAa3XyQUuJSkZ0BKAS4RgKTMSAhCXCOEANQjDUshCEBYkBKyowEYSFYkBKDUqE/gsMalRjBbM4CeQm59BdAWbb/AE84I00nV36uOVvRrYc5wPMkRrtK1bqweTmGptYbiIJ6XPqm8JTDKbGMs1rQBbaDYj8ul1KNMz4vFBMSTHryXN/IyNf4o68GP6yi7T8QqDD9xhxGVzXGBmmDmAyxcSBrzWEq4HGYl2V2Gc6qXSamQh56OMxF50XTsA91JxsfNTMTxSqRDQZ52j13UQ/l6xpI1lgUnbM7geFnC06dF5BfEujQEmQFODCB8+nqljhFR+Z7iM21j7k7+UKaMJlZDrmL6rn2vr+mj5xEHCviGR4ZkaiJOonS6mVTbw/LWyaykGRbfX9/yyRijMG8chteCRy2Nuq0jMylErcVEFvSxE6+RJMyqnEsLoAF977i9+euw3VtAvDm+E2jxHaSI9VX4mjmIaTl5SCTY6H5c9UnO2NRpEGlgjDTIjS7obm6HUHp9UrEYUgmAJBEtaSZtyga8/orClSy/CMujSGtHiETcHe/TX0STlzRmABswlpAdOrTJhpT2FRQVsMT4gwMaDAuBHPXlfRNhjgDJiBc2IIPLmVbd23OWZSYIBEXmYkG/wDKN/D8z8j8oESCYNt/huPK6vehaDHCONVcM6wL6eh56bFW2BqPquzs+Gd+p+qqsTg5sBcTodBqImJBSOD4p2GqB3/jd8QnluG8x9l0YsyumZzx84aTjJDCybDf881C7WOzMp0hbORKn9q6jHdy+2UuBnnyhVXajF95Ww7KY8M6hdhzisbRFAUpeMg26n6p7tDVJw8uMNcLDzUri+BDssizADHNZntJxhtSmBBGQgDpeCUN1wSBg8I6vTyP8DGCW9SpvYjAgVn4mbUSQJ0JCsONtacPT7s/pGnX8KvsPhaVDANYBBfd3Pmfokl0p+HOO0NJ+JxFSs+5cbdANAgr9tMmTDYJMeSCVCMNlRgJQCew2Hc9wYwS5xgCQJPmbBZGewzCClMwTi/uzDXaeKwnYTzOyGJwFSm0OexzQS5oJH6mOLXN8wRomFsiQhCcyogECsSAjASw2U4xg/NP5QIaDFqOxeBGfO7UmBJ0GpPyA91Qtk2aLn3Wt7J9mcU9wcKb2wbOdZpBsZm+wuPuk0656Xja26WfEq5Je2k4EtMGMsjkIibyq/hrKgeCCZJjmBoSL6+ey0eF7FYqjiHvgPY8XLCZJ5QeYMKwwvB33IpkkWA0tB5+Z91yfhnfT0PyQrjJ3C2NdT8cT5R8joiqYenfwgeUoYik6mM1RpZNwSIE8p0SsHVZU0cDzgyoljlfhSkmhLcNAsLfMpwYdzyG+9rK3ZhrSrLh+FB0/OaqP8dszeWjPns5I1jfos9xrBikCHTEmDmAi+k/4W849xejh2hpNyYjfTXqub8b4q+vmZAadREk9QXfJGbHCEf2LHNyf6M/Vq5pDfC0fESBzsRA667ypDaRDZzS7Ygk+0kzb2iEulRAB10Make3XkkVYFNo3JMCCLgj6n3lcqZ0MRlBzBzdCJhpmdJANoJPLfqVGxlKIJdfNDdoMiYMzuLaa7pzvSHT4hMHXUcjNjF5PRMYqgD8RIubga3i5H9p9QOa0RA42jLh4CHHMfCYDrz7SEiliW/AQc+hGjuhkm6XVeKYLwc0gEiZE7lvIb7quw1QyXkCSekjlKKsdE+jIEanbY9N59lCxmGIJmxB8Vp8iRbXmpdKtlvAv1Bn5QE/Xw83JIJvMWASugooCXuLaJJLMwgbN3gX9VtqnDAykx8SW5Y97rHYujGYgRBGhkCND+c1v+EcWpuwjCTLtC06gjmvT/i5NlTOPPGuj/E2d7QDrAwFzmp2Vc+uQKkjMCW+q11PFl4cTYbD0lU3Zig57qtZpNiRPkf8rol6YxHO0Iax0AwGMjKOahcQ49UNOnTymIAnqUjtdigzKGwXOcJ5+SsKrWsq0DlmwkbCRZQjR+FJ/wCpEeEXix80E29kVKs//I4+8IlHSqRSonoiUUpHKdEwz8O19KD3tNrGsdoTUb8Uu6zbmASovGa5qtLblj35nwLz/W2d9OuqyPDKlNr5rd4WAG1MhriYsMxsBOq61g+C4emwCpUL5BIzEZg3LZth4o5paN/TojOL40c+ZwZjaYdUGbM5wY5pdcBpGYj9Ja7LY63HJUdbDuY4tcII9iNiOYK3dfCsDmhtQEaFps0E667zuir0KbTkexj2btOondrhp5rNzadFywJq0YUBX/ZzspiMYf8ApNhmhe4wweu58lreAcHwLjmZS7wjdz87ddhYH1XQcDVhsQ1jRo1unyWsXZg8bRRcF7K4LAUw/EPaXWmo/wCFp6SPD5lbCnSbqLg/CZkeYKgcSxA7p8gEREESPXpZZDh/aR2FFOnBfSsDeTTB/pDRcDSFo8iiVHC2jo9J+09Pl/KbqW+ERJ5Kp4XxyjXaXUqgcAYdzaRqCNlNx1awI5JOdotRSJeZtRjqbwHNNr6fwufnhJw9d7QT4YIN7ibHzgwf8LU4euRKZxlLv7TD4ykxMiZ59FP+yo0hNQb/AKJOGxrct7pzG8V/2+HNSLnToJtKqa+Oo4VoH/eqC1vhb59eiy3GuM1MRGeILSQD8Gx23DZMb+ihyUP+kNOT/RBx2LqVquZ7p2NwMsiBafMhQ6dOA64zWO8SQLfIgqS+jl8QBmMsGJIuLDnc+6hOqmwAlpbmvqSZ8I9j8gvOmm2dcaSHqM6CfidF7CWg3B2v9VHxWIIcHfE3O0jpLbyeW9+R5JdN5BAJtM8zrFjzGsJitldGwve9om0a6/l1FdKGMW4ZH2iSbR/yI+p5ckMNUcL1BlaSJ3/pGoOkgKdh+EVHkkCAYmf0gwZnn89FcDs+IkiSPbnoPQq+0HDJ4yr3h8LcrATlHlvfQbpnEEgAXtqdQfZbc8EnUemgUHGcCtmIjnOnoTPsq0Y90jL0XQLgGfS3l+6eZVOYS759NDOoSOIUMvIC4y3GnTYoqbYBvDvQTvrsVn4W6aHmsaWOMDQwLnS3PqomCqd0686TG0gfVSRa+gIn7XhQcTTGfnt+e63wy1kmc+SNovaGML8KXgAax1Vl2QaKGEIdGYkzpcqtx2EYMO2g0wS4WbqYvsrUOZh8NmqXDBMbk6BeszhMPiaDa+LcRJa149TK2nEGtcCzRwyn2CoOCtAzVXMLQ9+YAbCbfVT+0ldtNzXmZLTbms/EV6zLsbJcX6lx38kFApcQfeGDU80FnZZGIRgJUJbWoMKEtCktxlTZ7+XxHRIDUA1IaDDzMkn3Wh7OcXpsLhiG5xAyk3uDvF+UFUDWqRTpSlxlRk4u0bjszi6Dq7i1waT+kmATrIWqpdo6Hed13rM2hg299FyIPy/DY89/Tkk0iARymSmkkipZG3Z2uvxmkweKo1t5BkfnNUvE+L8PqAuL2BxkEt1nqN1zJ9SIOsi453TL2R5bJi3ZvKA8Rq4R9y5oJA2aAADH6o3Vq7tTVbDalMxzA28lzLCYx9M5mOIPyPmN1pMH2jzMPeOa05vgy2cDuDseiykn8NYzjL01tPtTTgg5ptYCD6n+E1iu0FQ+AQ1uUkhpPigj4n8rj0TT8NRfBkZjAbeW+m3+VDxHAqxcWuZLcsA87Cb9eR/pHJSt39G1FCa2KEhzWwf1DUOzNmHE8iDdP0qwHjgZoiHTILeu4uDG8SnMLwx+YHJDgGgzoQLxr1/JUutg3f0dIAEeo/ArjFIluynqXbDzBEaeEi8W5CN/NRqlH/lrtbSdo3v8yrocBrOPhZHW/wAvz+bPC9jdDUO2g/lTNX8Ki/2Y2jg3OMX3O8T7W091fcN7OE+J/wAN/wC4z9v3Wyw3B6dPRum51R12bBYPH9NVOyBSw4FgPzZSRQT9KhOqktpwhQb9KbSIQwrRchVvFXNIIIETpz9Fc1lQ8VsCdfPrqrpIzMPxqi06jXeZjxcvW6pXsBg5iNjyJF/SysuMxFybTppJPLbmqYOJEOPXlO8/OPVcr6+HXFUh4vEANkb3NiIPL8smz8bQ7+oacpj6ImukXE9On59VHqOuBGpG97wrh6jOaNdiKVNlVsPnL8XTZK4vjaVcMp0hmJMEnQeSr8WQyu+m6SXASepVqOGd2ym8eESAJXsHmoY4zWGHphghxs3yKteFcOp1HMqVDmhtwdBbqsbxSk92KBPiZmieav8AEkMYXMccrWkuvrAmOgUplUUI7POqOqOEAd44C+02QWl7Ns7yj3kAZnExKCmhnNQ1KDUoBKhZpmSYbWpxrEkJ1pQ2NsSGpYQQUk7CpRFAhJlUgsU52nT8+6VTMgg8rdD+W9SmigHfRAWECgiRwihNhhx5q64Zx6vnaH1n5AQTfYDTz+6pQpWAeA9ttx1MzsmkTbPSXAMPTq0W1O71sCdTFifUgqecMwGAxvsmOyoP+0o5rHIJHKdlYPYtPpqvCuxdMNsE3kgSdVPxTJhQcc+LqZK0XErcRW6bo6eGLjYX5lChSJdO31V3h6AA6qdbLcqKs4fL1KjYl8KyxTbjz/Poq3Ec1lPhUXZW4x5g+f2VBxGsHAwb6HpyV1xHFgNN9Ab+Qn20WFxHEMoPJ4Dgd+nlBlcs56m8IbFNxnwPP6r3nW4iff7qnq1pdYbfz7p3HYsueSdXHSdPJQ3nLBAOv7b7aFZxj9OlulRINaZcYiTI5afP901QJNanAsHiZi3i/gJFR19NRb2VlwHDZnlxHhMXNp5n5LfDC5HPllSLPjlYtrMqQLub9d1ecQY+rUpiYFiOQsqHGVO9f4Iyt8M66cld8VqNpU6d7sbPqB/K9M4UZ3G0yzEVaZdLWkS+dJG3uixwJb3FPNlLS5zjcu8iq7BcW7yr3VQBpqG5P5yXQnYdmSm1sfCWl3IRChdQ/DD8LdiO7GSA0SBqgnjg/E9tJ/ga4tHWAJRKaHaM01KCQjlZo50xZS2lNgp1jUNCbDlKaiISZSJbHpTbknMk5lSBMVKQSjSSEFWKBSsybASigA8ylYCtkqNcACQZAN7jT5worQnqZhMD032MfODpSZIbBPMzcq5Ky/8Ap5U/9kzMQXXLoAABcZgDpYLTyraNYvgirTlV+LoSVaSouKahFog0KQEH8Ks6Qt1Kr894VjT0lA5EDGU7iORWc41VhsD25/llpcY7f8/NFhu02IAaSNZ26G46fCVlNBFmO7TcXqseWNIALBtOpGYkjTUj0WddxPM3JUsLgEaEzN9xqrLE1M4dmuZIvyL5Hp4h6MVTXFMCSAQbmJgGQZ6yPouSaTZ147RCxLmkDKQ6ZveBqT6ptwA8JuI9BN0urRHiLRlkwImwO/rHzUKscupkWPnP+ISUfhbZIwVB1R4YLk6kbDmFtP8AaMZTdTaPhaQT85VV2UwxB74g3bYch5K54k17qb3Ns50CPOy78WPWN/TjyzuVGQwmKNJgfUszvPU6q7q8XYaLqtW7TOQfQnkqPtBhC3I13/bYWlw5yVbdoMK2rkpYds5qYho26q/URZmeG0P9zjKVNt7y49AuncTrth2Hot/6gaZJsAIWA7OUHYTiFLPqQQY2W+qcSFR9ZpaA/L4DoY6jcpxXAfpj+DPy0/G4SST+eyCzuOx76dR1Nxu0wUFnZYoNQLU4gAos4bAxqeagwJwBMTYiEWVO5UC1FCI7mpIany2dE/h+HVXfDTefJrinQyJlSS1XdLs7inaUKnqI+ql0uxeMdH/SgHmQimNJmaDUAxbKh2AxBN3MHufsnq3+nlYfDUYfOQnqy6f9GJDUoBaSt2IxjdKeb+0gqBW7P4ph8WHqD/6z9EqYjp3+nHFMlFtJzwXuJ15i/wAp+q6ZRqAiy8+dj6zqeIYKki5ytIMydSfcrsHDOK7k28PzC2XUOLo0xcma6bdWkSCk1K1j7JJGiZBqVIv+c1aYd8tCrKoBT+CrXA/NP4Q0W3YniTrH1+krnvayrkDs12ujyuXuE+ZIHqug4/dYDtYyWPaROhP9hFyOrSFm1aGjn1d5DiDeAPI7m/PT2USsdQddI1ERAHvPuEriste6Bf8Ap5XOg5SolasT4hqd7bEbc1wy9O2PgziHyJcZtpOmtvzmneB8LGIq5JECSZO3Ie6YqWB5k3j3/CodLiL6Tg5pLS60gxYR8/3V4vek5POHVTQax0NIyZbBVmCw9U1XPLgWZrN5RCwx7Q1RYH1N45Rr9VY8C7WZfBVGu4uu/wDKjj/GyT2wwdStWEGxIlo5BP8AASRjHGYDKYaBvO/zUbEdoKJccgcHH9RER7qHwTilOnUdUILnGw3nqVOyHTLjstTD+Kg65GOLi7qQpHajiBGIdiKZEzkaNvDzVVw/GMOJe8MPiFyNgqrjeR1RrQdifiO903KlwErZQY6uX1HvqfE5xJjRBXeA4TTLJcSSTtoglQy9p9jcWdWNHm4fZTaHYWsfieweUuW+dh2/8glMbyKr8aMNEZGh2A51ifJkfMlWFDsJQHxPf1u0fZaFrzz9JTwqGNPz7pqKHoilp9kMI39Dnebip+H4Dhmi1Cn6iT81IFaTF+en3TzcQBzHl+yaQaoFPC02Dw0mDyACf0ECPmIUXvmcz7I87Z1I8t0x0PGoZuB72lKbWJMR7SkF8nU29PeyLvgPiIHMz90h0SW+3oUsPMX9wo7cQ2/i02j5+SIO6meXPmgCQ5sxBIj2PmmvFNj6x9U250bkH1/AnacTLnkCJJkwABJN0AJdQ3cGkASS4CAN9UdOrSDsrSwONzaD7eqoOLdoQ2i2oGVGmqXd1TdLS1jP/LVaLtk/C09NLxRVsO6i1zary7EVQHHL4nUxFmEgaw4y7U3SboFGzo9DiIIJY4OabeEyBGkwnGcUDhexvbn1C4ozjRbVc2kSC20gjM4gDNO4A09Fc8OxOKrNJYSGggF7nAAEmNdd1jLK/iNFjS9Z1EY8Tr/KewmKEjz/AIWELO7AFSrUz7CAPMxsI5mb3AUYdpm0qoDqpF7F0Q7oI/LrTel/kTV8R0rilaPEsvxohwDm3izgOUkaep91Rcd7cAtyBpkcr7SDGsLP4DtM9pOadTH39p+SxWRbUXo6spu1GHdTJAcSZAk65dg7mNJ6ys/Trybaax56etytf2iisDUEbTGxLcwI/wCJj5rEVGeLTb2Ok/ILOUem0JcJNaqCM2szadNh9QqvFHTW34VLrNgG0kG6ZdTJhwvbyhEeFN2RmFx3CAe4c55pwM5j2RE7i3T+FZAtzy4C889Z9UGZmkG1tufqkQTceyep5SOvX7JXQUT8NxuxGhNtyq7GtPxSTz0Eeybr0d2/JHTc51jAHVUmS4mh4dxICm0AEQOQ+6JVbsc1vhDTYILS0Z0zvZ0sPQmETHDSB7z1SWVWxIufX2REgkeIhbmA84f1AW5kJh7WkEttHqD/APlOOcNjqlUnCZMfdIpDIY6bExsBH31TrGg6gkT01HpZOsxDeaS9xJJn5AT5yR+BIYDDR0m+u/JI/wBwwXykJg1yJkzeBaf8+6XQIcZ0vyvIi5O/okxomUqrXW3nTn6I6lRsQRHUxbzH5qo3cN2gxsDFyDqdTKdo0eRA6NNvy6kdCnOEWEkEaef57JZAEkGf4+6AcRMmZ2v+10dFzdh+2uyaYUKYJ1d9PnKeJt4Yn0KbL2nT90VUbNsQJ0Me5siwopOLYIVMjnZmuYfCRAiTfUX8+ig4ng7HtgFxPh8UwfhAJJFyTAlal9ORcGfSVX4jD7iwnn/KT6UjGUewtK8ufq7eIzG8ndaCtRbhaDRSaXOpBrKbczcoc8nvKpG5AmL7BTO8aDEm9ovf19E7LbW6XAP1SXPBtWZXH8Vp5X03OtTJzOgjvnjR0/qbbTryELC1q76mIaWwQATLriWtLhPsuvuww6R/aPmU0/CNOoZpsBPvClptjXDl3GMd3lWaLHRH6QbTEAHcBQqWDrudJafMk/ZdUqYRmgA8+v8AlJ7gi5A8zf25rPTtlbmBw2Er5SAAQYi5tlPhiFC4lweu8gluXnFvzyXRar5/S0+WsfJRatIGxaRHQfYlOkFs53S4TWAuJ9DPv7p6pgnEQWx6fdbcYIm4skOwZAvvp+T+SlqmGzMS3gx3Hqh/6DOoPoT9FsRhQJiQfXy9kbcGb387gKqFZiTwOLtfl9J+SYfwd4vY+sT6FbOtgCNI9N00cFMWv9U3EWxhsTgKo0YT5X+ijDDPBlwMD83XQWYMzOyN2F2j3uf4RqGxkaWAzgOaBHnCC1/+yZuI9roKdGPZG8YbJrFnw+31QQXUc4rDixUbQGORQQSY0OnbySy8zEn8CCCkoVSO/X9kvE2LQLCBogggA2an82Qa4iIOwRIJMZNa4zrsVMyDLoPyESCQDVPT2UtosUEEwG64g2URht6lGgkxhlo5JmoLjz+6CCgsbqWmP6fsjojw+yCCaAh1hYHePuortEEEMRHcPF+dEjEGGmOSNBZyNEB7RJt+QmqHwn+0IIIRLHMQwZTYbKDU/PdEgrJG6RgGOn0TWcyblGggQdUa/wByOuIaItrp6IIKhMbLRJsjQQVCP//Z'),
(11, 'HOT DOG !!!', 'lckvqosjemorfkv;SODR,FVGMQIJESROVMIRJEQZMCQMSOKR;skvfderitb,nosdrjit,msrgvsrektb;msertvpsekrovm', '2019-11-25 23:12:21', 5, 2, 'https://i1.wp.com/www.photos-a-la-con.fr/wp-content/uploads/2017/01/image-drole-chien.jpg?resize=480%2C390'),
(12, 'QUAND T EXPERT EN PHP', 'lckvqosjemorfkv;SODR,FVGMQIJESROVMIRJEQZMCQMSOKR;skvfderitb,nosdrjit,msrgvsrektb;msertvpsekrovm', '2019-11-25 23:12:21', 4, 2, 'https://www.canald.com/polopoly_fs/1.1394494.1393432534!/image/potoo.jpg_gen/derivatives/cd_796_449/potoo.jpg'),
(13, 'PANDA WORLD SERIES', 'lckvqosjemorfkv;SODR,FVGMQIJESROVMIRJEQZMCQMSOKR;skvfderitb,nosdrjit,msrgvsrektb;msertvpsekrovm', '2019-11-25 23:12:21', 6, 2, 'https://i.skyrock.net/8723/77928723/pics/2993398199_1_3_4WoLnfqr.jpg'),
(14, 'ATELIER NATURE', 'lckvqosjemorfkv;SODR,FVGMQIJESROVMIRJEQZMCQMSOKR;skvfderitb,nosdrjit,msrgvsrektb;msertvpsekrovm', '2019-11-25 23:12:21', 2, 3, 'https://helpx.adobe.com/content/dam/help/en/stock/how-to/visual-reverse-image-search/_jcr_content/main-pars/image/visual-reverse-image-search-v2_1000x560.jpg'),
(15, 'CA CHAUFFE SUR LA BANQUISE !!!', 'lckvqosjemorfkv;SODR,FVGMQIJESROVMIRJEQZMCQMSOKR;skvfderitb,nosdrjit,msrgvsrektb;msertvpsekrovm', '2019-11-25 23:12:21', 1, 1, 'http://www.holidogtimes.com/fr/wp-content/uploads/sites/2/2017/12/wildlife-comedy-awards-fi.png?2e4e73');

-- --------------------------------------------------------

--
-- Structure de la table `User`
--

CREATE TABLE `User` (
  `Id` int(11) NOT NULL,
  `UserName` text NOT NULL,
  `Email` text NOT NULL,
  `Password` text NOT NULL
) ENGINE=InnoDB DEFAULT CHARSET=latin1;

--
-- Déchargement des données de la table `User`
--

INSERT INTO `User` (`Id`, `UserName`, `Email`, `Password`) VALUES
(1, 'samsam', 'sami', '123'),
(2, 'grandaïzer', 'goldo', 'kazablanka');

--
-- Index pour les tables déchargées
--

--
-- Index pour la table `Author`
--
ALTER TABLE `Author`
  ADD PRIMARY KEY (`Id`);

--
-- Index pour la table `Category`
--
ALTER TABLE `Category`
  ADD PRIMARY KEY (`Id`),
  ADD KEY `Id` (`Id`);

--
-- Index pour la table `Comment`
--
ALTER TABLE `Comment`
  ADD PRIMARY KEY (`Id`),
  ADD KEY `Post_Id` (`Post_Id`);

--
-- Index pour la table `Post`
--
ALTER TABLE `Post`
  ADD PRIMARY KEY (`Id`),
  ADD KEY `Author_Id` (`Author_Id`),
  ADD KEY `Category_Id` (`Category_Id`);

--
-- Index pour la table `User`
--
ALTER TABLE `User`
  ADD PRIMARY KEY (`Id`);

--
-- AUTO_INCREMENT pour les tables déchargées
--

--
-- AUTO_INCREMENT pour la table `Author`
--
ALTER TABLE `Author`
  MODIFY `Id` tinyint(3) UNSIGNED NOT NULL AUTO_INCREMENT, AUTO_INCREMENT=7;

--
-- AUTO_INCREMENT pour la table `Category`
--
ALTER TABLE `Category`
  MODIFY `Id` tinyint(3) UNSIGNED NOT NULL AUTO_INCREMENT, AUTO_INCREMENT=4;

--
-- AUTO_INCREMENT pour la table `Comment`
--
ALTER TABLE `Comment`
  MODIFY `Id` mediumint(8) UNSIGNED NOT NULL AUTO_INCREMENT, AUTO_INCREMENT=13;

--
-- AUTO_INCREMENT pour la table `Post`
--
ALTER TABLE `Post`
  MODIFY `Id` smallint(5) UNSIGNED NOT NULL AUTO_INCREMENT, AUTO_INCREMENT=16;

--
-- AUTO_INCREMENT pour la table `User`
--
ALTER TABLE `User`
  MODIFY `Id` int(11) NOT NULL AUTO_INCREMENT, AUTO_INCREMENT=3;

--
-- Contraintes pour les tables déchargées
--

--
-- Contraintes pour la table `Comment`
--
ALTER TABLE `Comment`
  ADD CONSTRAINT `Comment_ibfk_1` FOREIGN KEY (`Post_Id`) REFERENCES `Post` (`Id`);

--
-- Contraintes pour la table `Post`
--
ALTER TABLE `Post`
  ADD CONSTRAINT `Post_ibfk_1` FOREIGN KEY (`Author_Id`) REFERENCES `Author` (`Id`),
  ADD CONSTRAINT `Post_ibfk_2` FOREIGN KEY (`Category_Id`) REFERENCES `Category` (`Id`);
COMMIT;

/*!40101 SET CHARACTER_SET_CLIENT=@OLD_CHARACTER_SET_CLIENT */;
/*!40101 SET CHARACTER_SET_RESULTS=@OLD_CHARACTER_SET_RESULTS */;
/*!40101 SET COLLATION_CONNECTION=@OLD_COLLATION_CONNECTION */;
